algo,flow_id,goodput_Mbps,plr_pct,cov
reno,0,0.081280,1.645692,1.364743
reno,1,0.030560,0.000000,1.696691
cubic,0,0.240480,4.510801,1.470410
cubic,1,0.016560,0.000000,1.734777
yeah,0,0.126960,0.750469,1.264000
yeah,1,0.033680,0.000000,1.839207
vegas,0,0.041360,1.335878,1.616649
vegas,1,0.004640,0.000000,1.393675
